,book_num,title,author
0,84,"Frankenstein; Or, The Modern Prometheus","Shelley, Mary Wollstonecraft"
1,1342,Pride and Prejudice,"Austen, Jane"
2,64317,The Great Gatsby,"Fitzgerald, F. Scott (Francis Scott)"
3,98,A Tale of Two Cities,"Dickens, Charles"
4,11,Alice's Adventures in Wonderland,"Carroll, Lewis"
5,2542,A Doll's House : a play,"Ibsen, Henrik"
6,844,The Importance of Being Earnest: A Trivial Comedy for Serious People,"Wilde, Oscar"
7,174,The Picture of Dorian Gray,"Wilde, Oscar"
8,1080,"A Modest Proposal
For preventing the children of poor people in Ireland, from being a burden on their parents or country, and for making them beneficial to the publick","Swift, Jonathan"
9,5200,Metamorphosis,"Kafka, Franz"
10,1661,The Adventures of Sherlock Holmes,"Doyle, Arthur Conan"
11,2701,"Moby Dick; Or, The Whale","Melville, Herman"
12,1260,Jane Eyre: An Autobiography,"Brontë, Charlotte"
13,1952,The Yellow Wallpaper,"Gilman, Charlotte Perkins"
14,76,Adventures of Huckleberry Finn,"Twain, Mark"
15,219,Heart of Darkness,"Conrad, Joseph"
16,26184,Simple Sabotage Field Manual,United States. Office of Strategic Services
17,43,The Strange Case of Dr. Jekyll and Mr. Hyde,"Stevenson, Robert Louis"
18,345,Dracula,"Stoker, Bram"
19,25344,The Scarlet Letter,"Hawthorne, Nathaniel"
20,1250,Anthem,"Rand, Ayn"
21,2852,The Hound of the Baskervilles,"Doyle, Arthur Conan"
22,46,A Christmas Carol in Prose; Being a Ghost Story of Christmas,"Dickens, Charles"
23,1400,Great Expectations,"Dickens, Charles"
24,74,"The Adventures of Tom Sawyer, Complete","Twain, Mark"
25,160,"The Awakening, and Selected Short Stories","Chopin, Kate"
26,1232,The Prince,"Machiavelli, Niccolò"
27,205,"Walden, and On The Duty Of Civil Disobedience","Thoreau, Henry David"
28,408,The Souls of Black Folk,"Du Bois, W. E. B. (William Edward Burghardt)"
29,16,Peter Pan,"Barrie, J. M. (James Matthew)"
30,158,Emma,"Austen, Jane"
31,55,The Wonderful Wizard of Oz,"Baum, L. Frank (Lyman Frank)"
32,2591,Grimms' Fairy Tales,"Grimm, Jacob"
33,2600,War and Peace,"Tolstoy, Leo, graf"
34,57775,Le jardin des supplices,"Mirbeau, Octave"
35,23,"Narrative of the Life of Frederick Douglass, an American Slave","Douglass, Frederick"
36,4300,Ulysses,"Joyce, James"
37,2814,Dubliners,"Joyce, James"
38,120,Treasure Island,"Stevenson, Robert Louis"
39,3825,Pygmalion,"Shaw, Bernard"
40,514,Little Women,"Alcott, Louisa May"
41,5740,Tractatus Logico-Philosophicus,"Wittgenstein, Ludwig"
42,768,Wuthering Heights,"Brontë, Emily"
43,45,Anne of Green Gables,"Montgomery, L. M. (Lucy Maud)"
44,215,The Call of the Wild,"London, Jack"
45,1727,"The Odyssey
Rendered into English prose for the use of those who cannot read the original",Homer
46,58585,The Prophet,"Gibran, Kahlil"
47,244,A Study in Scarlet,"Doyle, Arthur Conan"
48,2500,Siddhartha,"Hesse, Hermann"
49,203,Uncle Tom's Cabin,"Stowe, Harriet Beecher"
50,1184,"The Count of Monte Cristo, Illustrated","Dumas, Alexandre"
51,6130,The Iliad,Homer
52,902,"The Happy Prince, and Other Tales","Wilde, Oscar"
53,1497,The Republic,Plato
54,829,Gulliver's Travels into Several Remote Nations of the World,"Swift, Jonathan"
55,16328,Beowulf: An Anglo-Saxon Epic Poem,N/A
56,2554,Crime and Punishment,"Dostoyevsky, Fyodor"
57,996,Don Quixote,"Cervantes Saavedra, Miguel de"
58,36,The War of the Worlds,"Wells, H. G. (Herbert George)"
59,3600,Essays of Michel de Montaigne — Complete,"Montaigne, Michel de"
60,113,The Secret Garden,"Burnett, Frances Hodgson"
61,135,Les Misérables,"Hugo, Victor"
62,33283,"Calculus Made Easy
Being a very-simplest introduction to those beautiful methods which are generally called by the terrifying names of the Differential Calculus and the Integral Calculus","Thompson, Silvanus P. (Silvanus Phillips)"
63,42108,"The Slang Dictionary: Etymological, Historical and Andecdotal","Hotten, John Camden"
64,236,The Jungle Book,"Kipling, Rudyard"
65,10007,Carmilla,"Le Fanu, Joseph Sheridan"
66,161,Sense and Sensibility,"Austen, Jane"
67,3207,Leviathan,"Hobbes, Thomas"
68,19942,Candide,Voltaire
69,43453,A Pickle for the Knowing Ones,"Dexter, Timothy"
70,730,Oliver Twist,"Dickens, Charles"
71,27827,"The Kama Sutra of Vatsyayana
Translated From the Sanscrit in Seven Parts With Preface, Introduction and Concluding Remarks",Vatsyayana
72,100,The Complete Works of William Shakespeare,"Shakespeare, William"
73,5131,Childe Harold's Pilgrimage,"Byron, George Gordon Byron, Baron"
74,972,The Devil's Dictionary,"Bierce, Ambrose"
75,1934,"Songs of Innocence, and Songs of Experience","Blake, William"
76,35,The Time Machine,"Wells, H. G. (Herbert George)"
77,1998,Thus Spake Zarathustra: A Book for All and None,"Nietzsche, Friedrich Wilhelm"
78,1001,"Divine Comedy, Longfellow's Translation, Hell",Dante Alighieri
79,35899,The Philippines a Century Hence,"Rizal, José"
80,4363,Beyond Good and Evil,"Nietzsche, Friedrich Wilhelm"
81,863,The Mysterious Affair at Styles,"Christie, Agatha"
82,1399,Anna Karenina,"Tolstoy, Leo, graf"
83,105,Persuasion,"Austen, Jane"
84,20228,Noli Me Tangere,"Rizal, José"
85,766,David Copperfield,"Dickens, Charles"
86,30254,The Romance of Lust: A classic Victorian erotic novel,Anonymous
87,521,The Life and Adventures of Robinson Crusoe,"Defoe, Daniel"
88,3090,Complete Original Short Stories of Guy De Maupassant,"Maupassant, Guy de"
89,5739,Korean—English Dictionary,"Kuperman, Leon"
90,8800,An Index of The Divine Comedy by Dante,Dante Alighieri
91,15399,"The Interesting Narrative of the Life of Olaudah Equiano, Or Gustavus Vassa, The African
Written By Himself","Equiano, Olaudah"
92,10623,Plays,"Glaspell, Susan"
93,7370,Second Treatise of Government,"Locke, John"
94,61,The Communist Manifesto,"Marx, Karl"
95,3296,The Confessions of St. Augustine,"Augustine, Saint, Bishop of Hippo"
96,140,The Jungle,"Sinclair, Upton"
97,41,The Legend of Sleepy Hollow,"Irving, Washington"
98,14838,The Tale of Peter Rabbit,"Potter, Beatrix"
99,21700,Don Juan,"Byron, George Gordon Byron, Baron"
100,779,"The Tragical History of Doctor Faustus
From the Quarto of 1604","Marlowe, Christopher"
101,42324,"Frankenstein; Or, The Modern Prometheus","Shelley, Mary Wollstonecraft"
102,209,The Turn of the Screw,"James, Henry"
103,22120,"Chaucer's Works, Volume 4 — The Canterbury Tales","Chaucer, Geoffrey"
104,6133,"The Extraordinary Adventures of Arsene Lupin, Gentleman-Burglar","Leblanc, Maurice"
105,4517,Ethan Frome,"Wharton, Edith"
106,600,Notes from the Underground,"Dostoyevsky, Fyodor"
107,786,Hard Times,"Dickens, Charles"
108,34901,On Liberty,"Mill, John Stuart"
109,121,Northanger Abbey,"Austen, Jane"
110,11030,"Incidents in the Life of a Slave Girl, Written by Herself","Jacobs, Harriet A. (Harriet Ann)"
111,21279,2 B R 0 2 B,"Vonnegut, Kurt"
112,2148,The Works of Edgar Allan Poe — Volume 2,"Poe, Edgar Allan"
113,10,The King James Version of the Bible,N/A
114,37134,The Elements of Style,"Strunk, William"
115,20203,Autobiography of Benjamin Franklin,"Franklin, Benjamin"
116,1837,The Prince and the Pauper,"Twain, Mark"
117,5827,The Problems of Philosophy,"Russell, Bertrand"
118,2680,Meditations,"Marcus Aurelius, Emperor of Rome"
119,61085,In our time,"Hemingway, Ernest"
120,145,Middlemarch,"Eliot, George"
121,4217,A Portrait of the Artist as a Young Man,"Joyce, James"
122,1524,"Hamlet, Prince of Denmark","Shakespeare, William"
123,2097,The Sign of the Four,"Doyle, Arthur Conan"
124,12,Through the Looking-Glass,"Carroll, Lewis"
125,103,Around the World in Eighty Days,"Verne, Jules"
126,73,The Red Badge of Courage: An Episode of the American Civil War,"Crane, Stephen"
127,375,An Occurrence at Owl Creek Bridge,"Bierce, Ambrose"
128,110,Tess of the d'Urbervilles: A Pure Woman,"Hardy, Thomas"
129,42884,"The Philippine Islands, 1493-1898, Volume 33, 1519-1522
Explorations by early navigators, descriptions of the islands and their peoples, their history and records of the Catholic missions, as related in contemporaneous books and manuscripts, showing the political, economic, commercial and religious conditions of those islands from their earliest relations with European nations to the close of the nineteenth century","Pigafetta, Antonio"
130,376,"A Journal of the Plague Year
Written by a Citizen Who Continued All the While in London","Defoe, Daniel"
131,308,Three Men in a Boat (To Say Nothing of the Dog),"Jerome, Jerome K. (Jerome Klapka)"
132,10676,The Reign of Greed,"Rizal, José"
133,40074,A Dictionary of Cebuano Visayan,"Wolff, John U."
134,1322,Leaves of Grass,"Whitman, Walt"
135,28054,The Brothers Karamazov,"Dostoyevsky, Fyodor"
136,1251,Le Morte d'Arthur: Volume 1,"Malory, Thomas, Sir"
137,51233,The Marching Morons,"Kornbluth, C. M. (Cyril M.)"
138,1064,The Masque of the Red Death,"Poe, Edgar Allan"
139,2848,Antiquities of the Jews,"Josephus, Flavius"
140,1513,Romeo and Juliet,"Shakespeare, William"
141,1254,Cyrano de Bergerac,"Rostand, Edmond"
142,32415,The Nursery Rhymes of England,N/A
143,852,Democracy and Education: An Introduction to the Philosophy of Education,"Dewey, John"
144,2413,Madame Bovary,"Flaubert, Gustave"
145,6737,The Social Cancer: A Complete English Version of Noli Me Tangere,"Rizal, José"
146,25717,"The History of the Decline and Fall of the Roman Empire
Table of Contents with links in the HTML file to the two Project Gutenberg editions (12 volumes)","Gibbon, Edward"
147,1228,"On the Origin of Species By Means of Natural Selection
Or, the Preservation of Favoured Races in the Struggle for Life","Darwin, Charles"
148,32572,Hans Andersen's Fairy Tales. Second Series,"Andersen, H. C. (Hans Christian)"
149,15272,"Spenser's The Faerie Queene, Book I","Spenser, Edmund"
150,1023,Bleak House,"Dickens, Charles"
151,2000,Don Quijote,"Cervantes Saavedra, Miguel de"
152,815,Democracy in America — Volume 1,"Tocqueville, Alexis de"
153,52320,"Vocabulum; or The Rogue's Lexicon
Compiled from the Most Authentic Sources","Matsell, George W. (George Washington)"
154,3176,The Innocents Abroad,"Twain, Mark"
155,2199,The Iliad,Homer
156,61262,Poirot Investigates,"Christie, Agatha"
157,16643,Essays by Ralph Waldo Emerson,"Emerson, Ralph Waldo"
158,132,The Art of War,"Sunzi, active 6th century B.C."
159,141,Mansfield Park,"Austen, Jane"
160,19033,Alice's Adventures in Wonderland,"Carroll, Lewis"
161,23700,The Decameron of Giovanni Boccaccio,"Boccaccio, Giovanni"
162,35249,A Japanese Boy,"Shiukichi, Shigemi"
163,7142,The History of the Peloponnesian War,Thucydides
164,3300,An Inquiry into the Nature and Causes of the Wealth of Nations,"Smith, Adam"
165,4093,Hedda Gabler,"Ibsen, Henrik"
166,1074,The Sea-Wolf,"London, Jack"
167,910,White Fang,"London, Jack"
168,59603,Three Stories & Ten Poems,"Hemingway, Ernest"
169,1533,Macbeth,"Shakespeare, William"
170,61221,A Passage to India,"Forster, E. M. (Edward Morgan)"
171,8492,The King in Yellow,"Chambers, Robert W. (Robert William)"
172,41360,The Elementary Forms of the Religious Life,"Durkheim, Émile"
173,9622,"Lyrical Ballads, With a Few Other Poems (1798)","Coleridge, Samuel Taylor"
174,13415,The Lady with the Dog and Other Stories,"Chekhov, Anton Pavlovich"
175,23042,"The Tempest
The Works of William Shakespeare [Cambridge Edition] [9 vols.]","Shakespeare, William"
176,5230,The Invisible Man: A Grotesque Romance,"Wells, H. G. (Herbert George)"
177,8799,"The Divine Comedy by Dante, Illustrated, Paradise, Complete",Dante Alighieri
178,4280,The Critique of Pure Reason,"Kant, Immanuel"
179,40686,Demonology and Devil-lore,"Conway, Moncure Daniel"
180,45631,"Twelve Years a Slave
Narrative of Solomon Northup, a Citizen of New-York, Kidnapped in Washington City in 1841, and Rescued in 1853, from a Cotton Plantation near the Red River in Louisiana","Northup, Solomon"
181,1257,The Three Musketeers,"Dumas, Alexandre"
182,271,Black Beauty,"Sewell, Anna"
183,17396,The Secret Garden,"Burnett, Frances Hodgson"
184,2781,Just So Stories,"Kipling, Rudyard"
185,86,A Connecticut Yankee in King Arthur's Court,"Twain, Mark"
186,147,Common Sense,"Paine, Thomas"
187,45304,"The City of God, Volume I","Augustine, Saint, Bishop of Hippo"
188,289,The Wind in the Willows,"Grahame, Kenneth"
189,11231,"Bartleby, the Scrivener: A Story of Wall-Street","Melville, Herman"
190,24518,Memoirs of Extraordinary Popular Delusions and the Madness of Crowds,"Mackay, Charles"
191,4367,"Personal Memoirs of U. S. Grant, Complete","Grant, Ulysses S. (Ulysses Simpson)"
192,7178,Swann's Way,"Proust, Marcel"
193,3800,Ethics,"Spinoza, Benedictus de"
194,22381,Myths and Legends of Ancient Greece and Rome,"Berens, E. M."
195,18269,Pascal's Pensées,"Pascal, Blaise"
196,25305,"Memoirs of Fanny Hill
A New and Genuine Edition from the Original Text (London, 1749)","Cleland, John"
197,58866,The Murder on the Links,"Christie, Agatha"
198,28890,Helps to Latin Translation at Sight,"Luce, Edmund"
199,1754,The Sea-Gull,"Chekhov, Anton Pavlovich"
200,1974,The Poetics of Aristotle,Aristotle
201,34206,"The Thousand and One Nights, Vol. I.
Commonly Called the Arabian Nights' Entertainments",N/A
202,146,"A Little Princess
Being the whole story of Sara Crewe now told for the first time","Burnett, Frances Hodgson"
203,47629,"Ang ""Filibusterismo"" (Karugtóng ng Noli Me Tangere)","Rizal, José"
204,14591,Faust [part 1]. Translated Into English in the Original Metres,"Goethe, Johann Wolfgang von"
205,1946,On War,"Clausewitz, Carl von"
206,41617,A Complete Guide to Heraldry,"Fox-Davies, Arthur Charles"
207,8789,"The vision of hell. 
By Dante Alighieri.
Translated by Rev. Henry Francis Cary, M.A.
and illustrated with the seventy-five designs of Gustave Doré.",Dante Alighieri
208,35123,"The Ladies' Book of Etiquette, and Manual of Politeness
A Complete Hand Book for the Use of the Lady in Polite Society","Hartley, Florence"
209,2610,Notre-Dame de Paris,"Hugo, Victor"
210,55201,The Republic of Plato,Plato
211,2446,An Enemy of the People,"Ibsen, Henrik"
212,52319,"The Genealogy of Morals
The Complete Works, Volume Thirteen, edited by Dr. Oscar Levy.","Nietzsche, Friedrich Wilhelm"
213,2641,A Room with a View,"Forster, E. M. (Edward Morgan)"
214,14977,"The Red Record
Tabulated Statistics and Alleged Causes of Lynching in the United States","Wells-Barnett, Ida B."
215,22367,Die Verwandlung,"Kafka, Franz"
216,159,The Island of Doctor Moreau,"Wells, H. G. (Herbert George)"
217,29728,Cookery and Dining in Imperial Rome,Apicius
218,512,"Mosses from an Old Manse, and Other Stories","Hawthorne, Nathaniel"
219,20,Paradise Lost,"Milton, John"
220,2638,The Idiot,"Dostoyevsky, Fyodor"
221,2130,Utopia,"More, Thomas, Saint"
222,45502,How the Other Half Lives: Studies Among the Tenements of New York,"Riis, Jacob A. (Jacob August)"
223,541,The Age of Innocence,"Wharton, Edith"
224,9800,"The Rape of the Lock, and Other Poems","Pope, Alexander"
225,7849,The Trial,"Kafka, Franz"
226,383,"She Stoops to Conquer; Or, The Mistakes of a Night: A Comedy","Goldsmith, Oliver"
227,12116,Struwwelpeter: Merry Stories and Funny Pictures,"Hoffmann, Heinrich"
228,3618,Arms and the Man,"Shaw, Bernard"
229,1280,Spoon River Anthology,"Masters, Edgar Lee"
230,2850,"The Wars of the Jews; Or, The History of the Destruction of Jerusalem","Josephus, Flavius"
231,16119,"Doctrina Christiana
The first book printed in the Philippines, Manila, 1593.",N/A
232,58221,La Odisea,Homer
233,2147,The Works of Edgar Allan Poe — Volume 1,"Poe, Edgar Allan"
234,38269,A History of the Philippines,"Barrows, David P."
235,38427,The World as Will and Idea (Vol. 1 of 3),"Schopenhauer, Arthur"
236,14975,Southern Horrors: Lynch Law in All Its Phases,"Wells-Barnett, Ida B."
237,36098,The Flowers of Evil,"Baudelaire, Charles"
238,2527,The Sorrows of Young Werther,"Goethe, Johann Wolfgang von"
239,4507,As a Man Thinketh,"Allen, James"
240,13701,"The Philippine Islands, 1493-1898 — Volume 07 of 55
1588-1591
Explorations by Early Navigators, Descriptions of the Islands and Their Peoples, Their History and Records of the Catholic Missions, as Related in Contemporaneous Books and Manuscripts, Showing the Political, Economic, Commercial and Religious Conditions of Those Islands from Their Earliest Relations with European Nations to the Close of the Nineteenth Century",N/A
241,4276,North and South,"Gaskell, Elizabeth Cleghorn"
242,47,Anne of Avonlea,"Montgomery, L. M. (Lucy Maud)"
243,128,The Arabian Nights Entertainments,"Lang, Andrew"
244,14328,The Consolation of Philosophy,Boethius
245,26,Paradise Lost,"Milton, John"
246,21765,"The Metamorphoses of Ovid, Books I-VII",Ovid
247,284,The House of Mirth,"Wharton, Edith"
248,834,The Memoirs of Sherlock Holmes,"Doyle, Arthur Conan"
249,500,The Adventures of Pinocchio,"Collodi, Carlo"
250,164,Twenty Thousand Leagues under the Sea,"Verne, Jules"
251,24869,"The Rámáyan of Válmíki, translated into English verse",Valmiki
252,131,"The Pilgrim's Progress from this world to that which is to come
Delivered under the similitude of a dream, by John Bunyan","Bunyan, John"
253,60093,Cane,"Toomer, Jean"
254,2232,The Duchess of Malfi,"Webster, John"
255,25929,Daemonologie.,"James I, King of England"
256,580,The Pickwick Papers,"Dickens, Charles"
257,28885,"Alice's Adventures in Wonderland
Illustrated by Arthur Rackham. With a Proem by Austin Dobson","Carroll, Lewis"
258,15845,Florante at Laura,"Balagtas, Francisco"
259,49965,Dao De Jing: A Minimalist Translation,Laozi
260,19322,The Antichrist,"Nietzsche, Friedrich Wilhelm"
261,82,Ivanhoe: A Romance,"Scott, Walter"
262,1321,The Waste Land,"Eliot, T. S. (Thomas Stearns)"
263,13437,Best Russian Short Stories,N/A
264,8300,"The Bible, Douay-Rheims, Complete
The Challoner Revision",N/A
265,42671,Pride and Prejudice,"Austen, Jane"
266,12242,"Poems by Emily Dickinson, Three Series, Complete","Dickinson, Emily"
267,148,The Autobiography of Benjamin Franklin,"Franklin, Benjamin"
268,3420,"A Vindication of the Rights of Woman
With Strictures on Political and Moral Subjects","Wollstonecraft, Mary"
269,5225,The Satyricon — Complete,Petronius Arbiter
270,245,Life on the Mississippi,"Twain, Mark"
271,32,Herland,"Gilman, Charlotte Perkins"
272,29433,Nature,"Emerson, Ralph Waldo"
273,921,De Profundis,"Wilde, Oscar"
274,65130,The Power of Sexual Surrender,"Robinson, Marie Nyswander"
275,60,The Scarlet Pimpernel,"Orczy, Emmuska Orczy, Baroness"
276,2946,Howards End,"Forster, E. M. (Edward Morgan)"
277,8117,The Possessed (The Devils),"Dostoyevsky, Fyodor"
278,51,Anne of the Island,"Montgomery, L. M. (Lucy Maud)"
279,833,The Theory of the Leisure Class,"Veblen, Thorstein"
280,35451,Medea of Euripides,Euripides
281,1597,Andersen's Fairy Tales,"Andersen, H. C. (Hans Christian)"
282,25141,The Pursuit of God,"Tozer, A. W. (Aiden Wilson)"
283,10625,A Concise Dictionary of Middle English from A.D. 1150 to 1580,"Mayhew, A. L. (Anthony Lawson)"
284,583,The Woman in White,"Collins, Wilkie"
285,242,My Antonia,"Cather, Willa"
286,4705,A Treatise of Human Nature,"Hume, David"
287,155,The Moonstone,"Collins, Wilkie"
288,108,The Return of Sherlock Holmes,"Doyle, Arthur Conan"
289,143,The Mayor of Casterbridge,"Hardy, Thomas"
290,851,Narrative of the Captivity and Restoration of Mrs. Mary Rowlandson,"Rowlandson, Mary White"
291,6087,The Vampyre; a Tale,"Polidori, John William"
292,65086,World of the Mad,"Anderson, Poul"
293,621,The Varieties of Religious Experience: A Study in Human Nature,"James, William"
294,9662,An Enquiry Concerning Human Understanding,"Hume, David"
295,27805,The Wind in the Willows,"Grahame, Kenneth"
296,11592,Children's Hour with Red Riding Hood and Other Stories,N/A
297,31552,Novo dicionário da língua portuguesa,"Figueiredo, Cândido de"
298,33900,"Principles of Orchestration, with Musical Examples Drawn from His Own Works","Rimsky-Korsakov, Nikolay"
299,1429,"The Garden Party, and Other Stories","Mansfield, Katherine"
300,1404,The Federalist Papers,"Jay, John"
301,3177,Roughing It,"Twain, Mark"
302,1155,The Secret Adversary,"Christie, Agatha"
303,3186,"The Mysterious Stranger, and Other Stories","Twain, Mark"
304,61963,We,"Zamiatin, Evgenii Ivanovich"
305,1112,The Tragedy of Romeo and Juliet,"Shakespeare, William"
306,48320,"Adventures of Sherlock Holmes
Illustrated","Doyle, Arthur Conan"
307,26654,Peter and Wendy,"Barrie, J. M. (James Matthew)"
308,421,Kidnapped,"Stevenson, Robert Louis"
309,10800,The Anatomy of Melancholy,"Burton, Robert"
310,61168,The Man in the Brown Suit,"Christie, Agatha"
311,14568,"Sir Gawayne and the Green Knight
An Alliterative Romance-Poem (c. 1360 A.D.)",N/A
312,883,Our Mutual Friend,"Dickens, Charles"
313,228,The Aeneid,Virgil
314,1292,The Way of the World,"Congreve, William"
315,1063,The Cask of Amontillado,"Poe, Edgar Allan"
316,5682,Fundamental Principles of the Metaphysic of Morals,"Kant, Immanuel"
317,932,The Fall of the House of Usher,"Poe, Edgar Allan"
318,12030,"The Spectator, Volumes 1, 2 and 3
With Translations and Index for the Series","Steele, Richard, Sir"
319,31591,Language of Flowers,"Greenaway, Kate"
320,45109,The Enchiridion,Epictetus
321,37106,"Little Women; Or, Meg, Jo, Beth, and Amy","Alcott, Louisa May"
322,40580,"A General History of the Pyrates:
from their first rise and settlement in the island of Providence, to the present time","Defoe, Daniel"
323,31516,The Eyes Have It,"Dick, Philip K."
324,805,This Side of Paradise,"Fitzgerald, F. Scott (Francis Scott)"
325,49513,"The Complete Herbal
To which is now added, upwards of one hundred additional herbs, with a display of their medicinal and occult qualities physically applied to the cure of all disorders incident to mankind: to which are now first annexed, the English physician enlarged, and key to Physic.","Culpeper, Nicholas"
326,62,A Princess of Mars,"Burroughs, Edgar Rice"
327,26659,"The Will to Believe, and Other Essays in Popular Philosophy","James, William"
328,7986,"Plays by Anton Chekhov, Second Series","Chekhov, Anton Pavlovich"
329,885,An Ideal Husband,"Wilde, Oscar"
330,58212,"The Noble and Gentle Men of England
or, notes touching the arms and descents of the ancient knightly and gentle houses of England, arranged in their respective counties.","Shirley, Evelyn Philip"
331,41445,"Frankenstein; Or, The Modern Prometheus","Shelley, Mary Wollstonecraft"
332,2707,The History of Herodotus — Volume 1,Herodotus
333,3160,The Odyssey,Homer
334,6081,Biographia Literaria,"Coleridge, Samuel Taylor"
335,7256,The Gift of the Magi,"Henry, O."
336,18857,A Journey to the Centre of the Earth,"Verne, Jules"
337,42704,Salomé: A Tragedy in One Act,"Wilde, Oscar"
338,59254,The Inimitable Jeeves,"Wodehouse, P. G. (Pelham Grenville)"
339,16436,"Poems Every Child Should Know
The What-Every-Child-Should-Know-Library",N/A
340,398,The First Book of Adam and Eve,"Platt, Rutherford Hayes"
341,2892,Irish Fairy Tales,"Stephens, James"
342,24022,A Christmas Carol,"Dickens, Charles"
343,1514,A Midsummer Night's Dream,"Shakespeare, William"
344,46333,The Social Contract & Discourses,"Rousseau, Jean-Jacques"
345,10609,"English Literature
Its History and Its Significance for the Life of the English-Speaking World","Long, William J. (William Joseph)"
346,16966,"Shakespearean Tragedy: Lectures on Hamlet, Othello, King Lear, Macbeth","Bradley, A. C. (Andrew Cecil)"
347,1874,The Railway Children,"Nesbit, E. (Edith)"
348,18251,Latin for Beginners,"D'Ooge, Benjamin L. (Benjamin Leonard)"
349,1079,"The Life and Opinions of Tristram Shandy, Gentleman","Sterne, Laurence"
350,14264,The Practice and Science of Drawing,"Speed, Harold"
351,246,The Rubaiyat of Omar Khayyam,Omar Khayyam
352,32474,"The Memoirs of the Conquistador Bernal Diaz del Castillo, Vol 1 (of 2)
Written by Himself Containing a True and Full Account of the Discovery and Conquest of Mexico and New Spain.","Díaz del Castillo, Bernal"
353,2376,Up from Slavery: An Autobiography,"Washington, Booker T."
354,8578,The Grand Inquisitor,"Dostoyevsky, Fyodor"
355,64339,"Nieuw volledig Oost-Indisch kookboek
recepten voor de volledige Indische rijsttafel, zuren, gebakken, vla's, confituren, ijssoorten","Catenius-van der Meijden, J. M. J."
356,31,Plays of Sophocles: Oedipus the King; Oedipus at Colonus; Antigone,Sophocles
357,20239,The Ten Books on Architecture,Vitruvius Pollio
358,15250,Myths and Legends of China,"Werner, E. T. C. (Edward Theodore Chalmers)"
359,45315,The Marriage of Heaven and Hell,"Blake, William"
360,15210,Darkwater: Voices from Within the Veil,"Du Bois, W. E. B. (William Edward Burghardt)"
361,33870,Chess Fundamentals,"Capablanca, José Raúl"
362,24737,The Children of Odin: The Book of Northern Myths,"Colum, Padraic"
363,27673,"Oedipus King of Thebes
Translated into English Rhyming Verse with Explanatory Notes",Sophocles
364,550,Silas Marner,"Eliot, George"
365,503,The Blue Fairy Book,"Lang, Andrew"
366,1200,Gargantua and Pantagruel,"Rabelais, François"
367,175,The Phantom of the Opera,"Leroux, Gaston"
368,30017,My Father's Dragon,"Gannett, Ruth Stiles"
369,23218,The Red Room,"Wells, H. G. (Herbert George)"
370,599,Vanity Fair,"Thackeray, William Makepeace"
371,15263,"The Underground Railroad
A Record of Facts, Authentic Narratives, Letters, &c., Narrating the Hardships, Hair-Breadth Escapes and Death Struggles of the Slaves in Their Efforts for Freedom, As Related by Themselves and Others, or Witnessed by the Author.","Still, William"
372,10615,"An Essay Concerning Humane Understanding, Volume 1
MDCXC, Based on the 2nd Edition, Books 1 and 2","Locke, John"
373,790,Lady Windermere's Fan,"Wilde, Oscar"
374,12122,"The Monkey's Paw
The Lady of the Barge and Others, Part 2.","Jacobs, W. W. (William Wymark)"
375,21,"Aesop's Fables
Translated by George Fyler Townsend",Aesop
376,5921,"The History of Don Quixote, Volume 1, Complete","Cervantes Saavedra, Miguel de"
377,31284,"Josefine Mutzenbacher
oder Die Geschichte einer Wienerischen Dirne von ihr selbst erzählt","Salten, Felix"
378,65053,Meet Me in Tomorrow,"Geier, Chester S."
379,501,The Story of Doctor Dolittle,"Lofting, Hugh"
380,4081,The Alchemist,"Jonson, Ben"
381,65078,How to Become a Lightning Calculator,Anonymous
382,2009,"The Origin of Species by Means of Natural Selection
Or, the Preservation of Favoured Races in the Struggle for Life, 6th Edition","Darwin, Charles"
383,1656,Apology,Plato
384,1091,"On Heroes, Hero-Worship, and the Heroic in History","Carlyle, Thomas"
385,6124,"Pamela, or Virtue Rewarded","Richardson, Samuel"
386,8121,Ghosts,"Ibsen, Henrik"
387,36542,The American Occupation of the Philippines 1898-1912,"Blount, James H. (James Henderson)"
388,696,The Castle of Otranto,"Walpole, Horace"
389,8525,"Eve's Diary, Complete","Twain, Mark"
390,447,Maggie: A Girl of the Streets,"Crane, Stephen"
391,10947,The Best American Humorous Short Stories,N/A
392,14209,"The Kybalion
A Study of The Hermetic Philosophy of Ancient Egypt and Greece",Three Initiates
393,38769,"A Course of Pure Mathematics
Third Edition","Hardy, G. H. (Godfrey Harold)"
394,526,Heart of Darkness,"Conrad, Joseph"
395,11224,Utilitarianism,"Mill, John Stuart"
396,18735,"The Little Red Hen
An Old English Folk Tale",N/A
397,71,On the Duty of Civil Disobedience,"Thoreau, Henry David"
398,201,Flatland: A Romance of Many Dimensions (Illustrated),"Abbott, Edwin Abbott"
399,22657,"Steam, Its Generation and Use",Babcock & Wilcox Company
400,20738,"Diccionario Ingles-Español-Tagalog
Con partes de la oracion y pronunciacion figurada","Calderón, Sofronio G."
401,12849,"The Tinguian: Social, Religious, and Economic Life of a Philippine Tribe","Cole, Fay-Cooper"
402,78,Tarzan of the Apes,"Burroughs, Edgar Rice"
403,59112,"R.U.R. (Rossum's Universal Robots)
A Fantastic Melodrama in Three Acts and an Epilogue","Čapek, Karel"
404,52521,Grimm's Fairy Tales,"Grimm, Jacob"
405,65075,Look to the Stars,"Hawkins, Willard E."
406,1756,Uncle Vanya: Scenes from Country Life in Four Acts,"Chekhov, Anton Pavlovich"
407,6867,"Lineage, Life and Labors of José Rizal, Philippine Patriot","Craig, Austin"
408,139,The Lost World,"Doyle, Arthur Conan"
409,65064,The Old Ones,"Curtis, Betsy"
410,1240,The Playboy of the Western World: A Comedy in Three Acts,"Synge, J. M. (John Millington)"
411,1549,Commentary on the Epistle to the Galatians,"Luther, Martin"
412,13707,Twice Told Tales,"Hawthorne, Nathaniel"
413,2397,"The Story of My Life
With her letters (1887-1901) and a supplementary account of her education, including passages from the reports and letters of her teacher, Anne Mansfield Sullivan, by John Albert Macy","Keller, Helen"
414,65029,Two-Legs,"Ewald, Carl"
415,42,The Strange Case of Dr. Jekyll and Mr. Hyde,"Stevenson, Robert Louis"
416,59,Discourse on the Method of Rightly Conducting One's Reason and of Seeking Truth in the Sciences,"Descartes, René"
417,65058,Old Greek Education,"Mahaffy, J. P. (John Pentland)"
418,4980,Old Granny Fox,"Burgess, Thornton W. (Thornton Waldo)"
419,2265,Hamlet,"Shakespeare, William"
420,30278,"Friars and Filipinos
An Abridged Translation of Dr. Jose Rizal's Tagalog Novel,
'Noli Me Tangere.'","Rizal, José"
421,11339,Aesop's Fables; a new translation,Aesop
422,45001,Institutes of the Christian Religion (Vol. 1 of 2),"Calvin, Jean"
423,1929,The School for Scandal,"Sheridan, Richard Brinsley"
424,2490,Lamia,"Keats, John"
425,28233,Philosophiae Naturalis Principia Mathematica,"Newton, Isaac"
426,26272,The Spy,"Cooper, James Fenimore"
427,41568,An Introduction to Mathematics,"Whitehead, Alfred North"
428,816,Democracy in America — Volume 2,"Tocqueville, Alexis de"
429,22400,"Fox's Book of Martyrs
Or A History of the Lives, Sufferings, and Triumphant
Deaths of the Primitive Protestant Martyrs","Foxe, John"
430,940,The Last of the Mohicans; A narrative of 1757,"Cooper, James Fenimore"
431,39452,The Pilgrim's Progress by John Bunyan Every Child Can Read,"Bunyan, John"
432,65149,The House of Adventure,"Deeping, Warwick"
433,52958,Revelations of Divine Love,"Julian, of Norwich"
434,19994,"The Aesop for Children
With pictures by Milo Winter",Aesop
435,4014,Arsene Lupin,"Leblanc, Maurice"
436,6688,The Mill on the Floss,"Eliot, George"
437,65017,The Soul Stealers,"Geier, Chester S."
438,48438,Rizal's own story of his life,"Rizal, José"
439,64991,The Story of Alexander,"Steele, Robert"
440,6157,"What Men Live By, and Other Tales","Tolstoy, Leo, graf"
441,3011,The Lady of the Lake,"Scott, Walter"
442,65172,A Gentleman of Leisure,"Wodehouse, P. G. (Pelham Grenville)"
443,52263,"The Twilight of the Idols; or, How to Philosophize with the Hammer. The Antichrist
Complete Works, Volume Sixteen","Nietzsche, Friedrich Wilhelm"
444,39293,"The Gentlemen's Book of Etiquette and Manual of Politeness
Being a Complete Guide for a Gentleman's Conduct in All His Relations Towards Society","Hartley, Cecil B."
445,65032,Wind in Her Hair,"Neville, Kris"
446,11937,"The Symbolism of Freemasonry
Illustrating and Explaining Its Science and Philosophy, Its Legends, Myths and Symbols","Mackey, Albert Gallatin"
447,7700,Lysistrata,Aristophanes
448,17157,Gulliver's Travels into Several Remote Regions of the World,"Swift, Jonathan"
449,57333,Project Gutenberg Compilation of Short Stories by Chekhov,"Chekhov, Anton Pavlovich"
450,1531,"Othello, the Moor of Venice","Shakespeare, William"
451,25609,A Child's Garden of Verses,"Stevenson, Robert Louis"
452,9105,Reflections; or Sentences and Moral Maxims,"La Rochefoucauld, François duc de"
453,8795,"The Divine Comedy by Dante, Illustrated, Purgatory, Complete",Dante Alighieri
454,1695,The Man Who Was Thursday: A Nightmare,"Chesterton, G. K. (Gilbert Keith)"
455,5657,The Practice of the Presence of God,"Lawrence, of the Resurrection, Brother"
456,24,O Pioneers!,"Cather, Willa"
457,65026,"The Social Ladder
Drawings by Charles Dana Gibson","Gibson, Charles Dana"
458,1600,Symposium,Plato
459,8438,The Ethics of Aristotle,Aristotle
460,42290,A Hundred and Seventy Chinese Poems,N/A
461,64977,"The Protocols and World Revolution
Including a Translation and Analysis of the ""Protocols of the Meetings of the Zionist Men of Wisdom""","Nilus, Sergiei"
462,64978,The Blue Birds at Happy Hills,"Roy, Lillian Elizabeth"
463,7452,Autobiography of a Yogi,"Yogananda, Paramahansa"
464,42796,The Box-Car Children,"Warner, Gertrude Chandler"
465,1170,Anabasis,Xenophon
466,36438,The Friars in the Philippines,"Coleman, Ambrose"
467,19924,Plain Facts for Old and Young,"Kellogg, John Harvey"
468,15043,"The Works of the Right Honourable Edmund Burke, Vol. 01 (of 12)","Burke, Edmund"
469,967,Nicholas Nickleby,"Dickens, Charles"
470,963,Little Dorrit,"Dickens, Charles"
471,204,The Innocence of Father Brown,"Chesterton, G. K. (Gilbert Keith)"
472,27083,The Subjection of Women,"Mill, John Stuart"
473,102,The Tragedy of Pudd'nhead Wilson,"Twain, Mark"
474,35690,Omens and Superstitions of Southern India,"Thurston, Edgar"
475,946,Lady Susan,"Austen, Jane"
476,8102,"The Forme of Cury: A Roll of Ancient English Cookery Compiled, about A.D. 1390","Pegge, Samuel"
477,65072,The Time Armada,"Holden, Fox B."
478,11027,Grimm's Fairy Stories,"Grimm, Jacob"
479,35588,Scientific Papers by Sir George Howard Darwin. Volume V. Supplementary Volume,"Darwin, George Howard, Sir"
480,45376,"The Old World and Its Ways
Describing a Tour Around the World and Journeys Through Europe","Bryan, William Jennings"
481,28522,Laura Middleton; Her Brother and her Lover,Anonymous
482,57764,Crimes of Preachers in the United States and Canada,"Billings, M. E."
483,14522,The Canterville Ghost,"Wilde, Oscar"
484,233,Sister Carrie: A Novel,"Dreiser, Theodore"
485,119,A Tramp Abroad,"Twain, Mark"
486,15353,A First Spanish Reader,"Remy, Alfred"
487,65003,"Porneiopathology
A Popular Treatise on Venereal and Other Diseases of the Male and Female Genital System; With Remarks on Impotence, Onanism, Sterility, Piles, and Gravel, and Prescriptions for Their Treatment","Culverwell, Robert James"
488,45524,The Open Boat and Other Stories,"Crane, Stephen"
489,65061,The Boston cooking-school cook book,"Farmer, Fannie Merritt"
490,43936,The Wonderful Wizard of Oz,"Baum, L. Frank (Lyman Frank)"
491,14407,The Tale of Benjamin Bunny,"Potter, Beatrix"
492,32032,Second Variety,"Dick, Philip K."
493,51356,"The Birth of Tragedy; or, Hellenism and Pessimism","Nietzsche, Friedrich Wilhelm"
494,2981,"The Memoirs of Jacques Casanova de Seingalt, 1725-1798. Complete","Casanova, Giacomo"
495,130,Orthodoxy,"Chesterton, G. K. (Gilbert Keith)"
496,2488,Twenty Thousand Leagues Under the Seas: An Underwater Tour of the World,"Verne, Jules"
497,544,Anne's House of Dreams,"Montgomery, L. M. (Lucy Maud)"
498,65103,Legendary Islands of the Atlantic: A Study of Medieval Geography,"Babcock, William Henry"
499,20781,"Heidi
(Gift Edition)","Spyri, Johanna"
500,65035,Inheritance,"Ludwig, Edward W."
501,208,Daisy Miller: A Study,"James, Henry"
502,4039,"Volpone; Or, The Fox","Jonson, Ben"
503,52190,"Ecce Homo
Complete Works, Volume Seventeen","Nietzsche, Friedrich Wilhelm"
504,1430,Beautiful Stories from Shakespeare,"Shakespeare, William"
505,15474,"The Mahabharata of Krishna-Dwaipayana Vyasa, Volume 1
Books 1, 2 and 3",N/A
506,2833,The Portrait of a Lady — Volume 1,"James, Henry"
507,8710,"The Doré Bible Gallery, Complete
Containing One Hundred Superb Illustrations, and a Page of Explanatory Letter-press Facing Each",N/A
508,65176,Get Out of My Body!,"Harris, Tom W."
509,45634,"Myths of the Cherokee
Extract from the Nineteenth Annual Report of the Bureau of American Ethnology","Mooney, James"
510,2383,"The Canterbury Tales, and Other Poems","Chaucer, Geoffrey"
511,2428,An Essay on Man; Moral Essays and Satires,"Pope, Alexander"
512,969,The Tenant of Wildfell Hall,"Brontë, Anne"
513,65012,Disappeared From Her Home: A Novel,"Pirkis, Catherine Louisa"
514,32854,"Arsène Lupin, gentleman-cambrioleur","Leblanc, Maurice"
515,202,My Bondage and My Freedom,"Douglass, Frederick"
516,6400,"The Lives of the Twelve Caesars, Complete",Suetonius
517,65181,Prisoner of War,"Garrett, Randall"
518,65074,The Ultimate Quest,"Annas, Hal"
519,65085,The Barrier,"Walton, Bryce"
520,830,The Argonautica,"Apollonius, Rhodius"
521,46976,"The Anabasis of Alexander
or, The History of the Wars and Conquests of Alexander the Great",Arrian
522,1301,The French Revolution: A History,"Carlyle, Thomas"
523,28299,The Orbis Pictus,"Comenius, Johann Amos"
524,65069,The Brave Walk Alone,"McGreevey, John"
525,50307,Fifteen sonnets of Petrarch,"Petrarca, Francesco"
526,5116,Pragmatism: A New Name for Some Old Ways of Thinking,"James, William"
527,65168,The Pioneer Home,Anonymous
528,43660,"The Vision and Creed of Piers Ploughman, Volume 1","Langland, William"
529,4320,An Enquiry Concerning the Principles of Morals,"Hume, David"
530,64985,"Men, Women, and Books","Birrell, Augustine"
531,22373,Russian Fairy Tales: A Choice Collection of Muscovite Folk-lore,N/A
532,65177,Come Into My Brain!,"Silverberg, Robert"
533,1268,The Mysterious Island,"Verne, Jules"
534,20748,Favorite Fairy Tales,N/A
535,3435,The Book of the Thousand Nights and a Night — Volume 01,N/A
536,876,"Life in the Iron-Mills; Or, The Korl Woman","Davis, Rebecca Harding"
537,4018,Japanese Fairy Tales,"Ozaki, Yei Theodora"
538,29558,"Boy Scouts Handbook
The First Edition, 1911",Boy Scouts of America
539,3268,The Mysteries of Udolpho,"Radcliffe, Ann Ward"
540,1522,Julius Caesar,"Shakespeare, William"
541,14988,"Cicero's Tusculan Disputations
Also, Treatises On The Nature Of The Gods, And On The Commonwealth","Cicero, Marcus Tullius"
542,56597,The Legends and Myths of Hawaii: The fables and folk-lore of a strange people,"Kalakaua, David, King of Hawaii"
543,65067,It's Raining Frogs!,"Marlowe, Stephen"
544,28497,Myths of the Norsemen: From the Eddas and Sagas,"Guerber, H. A. (Hélène Adeline)"
545,27761,"Hamlet, Prince of Denmark","Shakespeare, William"
546,8147,The Man Who Would Be King,"Kipling, Rudyard"
547,1717,What's Wrong with the World,"Chesterton, G. K. (Gilbert Keith)"
548,65098,Daughters of Men,"Lynch, Hannah"
549,8954,Lady Audley's Secret,"Braddon, M. E. (Mary Elizabeth)"
550,65070,"""What So Proudly We Hail...""","Keene, Day"
551,3289,The Valley of Fear,"Doyle, Arthur Conan"
552,107,Far from the Madding Crowd,"Hardy, Thomas"
553,12753,The Legends of King Arthur and His Knights,"Malory, Thomas, Sir"
554,40077,"The Principles of Economics, with Applications to Practical Problems","Fetter, Frank A. (Frank Albert)"
555,15859,The Piazza Tales,"Melville, Herman"
556,65132,Wild Pastures,"Packard, Winthrop"
557,7128,Indian Fairy Tales,N/A
558,3913,The Confessions of Jean Jacques Rousseau — Complete,"Rousseau, Jean-Jacques"
559,8775,Poems,"Hugo, Victor"
560,64988,The Youngest Camel,"Boyle, Kay"
561,708,The Princess and the Goblin,"MacDonald, George"
562,25833,The Great Controversy Between Christ and Satan,"White, Ellen Gould Harmon"
563,1097,Mrs. Warren's Profession,"Shaw, Bernard"
564,42686,"A History of Epidemics in Britain, Volume 1 (of 2)
From A.D. 664 to the Extinction of Plague","Creighton, Charles"
565,30240,The Big Trip Up Yonder,"Vonnegut, Kurt"
566,1672,Gorgias,Plato
567,27238,Woodworking Tools 1600-1900,"Welsh, Peter C."
568,17824,Little Black Sambo,"Bannerman, Helen"
569,12096,"Bushido, the Soul of Japan","Nitobe, Inazo"
570,65122,You'll Like It on Mars,"Harris, Tom W."
571,6523,The Post Office,"Tagore, Rabindranath"
572,2388,"The Song Celestial; Or, Bhagavad-Gîtâ (from the Mahâbhârata)
Being a discourse between Arjuna, Prince of India, and the Supreme Being under the form of Krishna",N/A
573,37423,How We Think,"Dewey, John"
574,21970,The Scarlet Plague,"London, Jack"
575,18947,"The Younger Edda; Also called Snorre's Edda, or The Prose Edda",Snorri Sturluson
576,32449,"Japanese Girls and Women
Revised and Enlarged Edition","Bacon, Alice Mabel"
577,2226,Kim,"Kipling, Rudyard"
578,24811,Viking Tales,"Hall, Jennie"
579,2811,Letters of Pliny,"Pliny, the Younger"
580,27200,Fairy Tales of Hans Christian Andersen,"Andersen, H. C. (Hans Christian)"
581,64982,The Tale of Bunny Cotton-Tail,"Smith, Laura Rountree"
582,65119,Homecoming Horde,"Silverberg, Robert"
583,257,Troilus and Criseyde,"Chaucer, Geoffrey"
584,17405,The Art of War,"Sunzi, active 6th century B.C."
585,2040,Confessions of an English Opium-Eater,"De Quincey, Thomas"
586,31383,"The Industrial Canal and Inner Harbor of New Orleans
History, Description and Economic Aspects of Giant Facility Created to Encourage Industrial Expansion and Develop Commerce","Dabney, Thomas Ewing"
587,4099,The Angel in the House,"Patmore, Coventry"
588,47001,De Officiis,"Cicero, Marcus Tullius"
589,1252,Le Morte d'Arthur: Volume 2,"Malory, Thomas, Sir"
590,4015,The Hairy Ape,"O'Neill, Eugene"
591,558,The Thirty-Nine Steps,"Buchan, John"
592,41537,The Divine Comedy of Dante Alighieri: The Inferno,Dante Alighieri
593,325,Phantastes: A Faerie Romance for Men and Women,"MacDonald, George"
594,5720,A Shropshire Lad,"Housman, A. E. (Alfred Edward)"
595,994,Riders to the Sea,"Synge, J. M. (John Millington)"
596,6852,Venus in Furs,"Sacher-Masoch, Leopold, Ritter von"
597,16452,"The Iliad of Homer
Translated into English Blank Verse by William Cowper",Homer
598,18241,"Tea-Cup Reading and Fortune-Telling by Tea Leaves, by a Highland Seer",N/A
599,70,What Is Man? and Other Essays,"Twain, Mark"
600,17989,"Le comte de Monte-Cristo, Tome I","Dumas, Alexandre"
601,47677,"Ars Amatoria; or, The Art Of Love
Literally Translated into English Prose, with Copious Notes",Ovid
602,65142,Barbarossa,"Kühn, Franz"
603,16269,Thought-Forms,"Besant, Annie"
604,1719,The Ballad of the White Horse,"Chesterton, G. K. (Gilbert Keith)"
605,65020,"The Complete Distiller
Containing, I. The method of performing the various processes of distillation, with descriptions of the several instruments: the whole doctrine of fermentation: the manner of drawing spirits from malt, raisins, molasses, sugar, &c. and of rectifying them: with instructions for imitating, to the greatest perfection, both the colour and flavour of French brandies. II. The manner of distilling all kinds of simple waters from plants, flowers, &c. III. The method of making all the compound waters and rich cordials so largely imported from France and Italy; as likewise all those now made in Great Britain. To which are added, accurate descriptions of the several drugs, plants, flowers, fruits, &c. used by distillers, and instructions for chusing the best of each kind...","Cooper, A. (Ambrose)"
606,65106,"The Great White North
The story of polar exploration from the earliest times to the discovery of the pole","Wright, Helen S. (Helen Saunders)"
607,5683,The Critique of Practical Reason,"Kant, Immanuel"
608,14033,"Plutarch's Lives, Volume 1 (of 4)",Plutarch
609,21000,Faust: Eine Tragödie [erster Teil],"Goethe, Johann Wolfgang von"
610,65124,Voyage to Procyon,"Silverberg, Robert"
611,1093,The Beast in the Jungle,"James, Henry"
612,2434,New Atlantis,"Bacon, Francis"
613,38326,Bede's Ecclesiastical History of England,"Bede, the Venerable, Saint"
614,2002,Sonnets from the Portuguese,"Browning, Elizabeth Barrett"
615,65077,Tourists to Terra,"Reynolds, Mack"
616,4397,The Forsyte Saga - Complete,"Galsworthy, John"
617,63509,Edipo rey; Edipo en Colona; Antígona,Sophocles
618,2587,Life Is a Dream,"Calderón de la Barca, Pedro"
619,222,The Moon and Sixpence,"Maugham, W. Somerset (William Somerset)"
620,974,The Secret Agent: A Simple Tale,"Conrad, Joseph"
621,65146,How to Sing,"Tetrazzini, Luisa"
622,26558,Pennsylvania Dutch Cooking,Unknown
623,14005,The Ladies Delight,Anonymous
624,18155,The Story of the Three Little Pigs,"Brooke, L. Leslie (Leonard Leslie)"
625,65100,The Builders,"Holden, Fox B."
626,65139,History of Birds,Unknown
627,65121,Hindu Magic: An Expose of the Tricks of the Yogis and Fakirs of India,"Carrington, Hereward"
628,6593,"History of Tom Jones, a Foundling","Fielding, Henry"
629,1081,Dead Souls,"Gogol, Nikolai Vasilevich"
630,12814,Philippine Folk Tales,N/A
631,821,Dombey and Son,"Dickens, Charles"
632,65005,"An Illustrated Directory of the Specifications of All Domestic and Foreign Motor-cars and Motor Business Wagons, Gasoline, Steam and Electric, Sold in This Country, 1907","Motor, the automotive business magazine"
633,1653,The Imitation of Christ,"Thomas, à Kempis"
634,700,The Old Curiosity Shop,"Dickens, Charles"
635,5658,Lord Jim,"Conrad, Joseph"
636,1658,Phaedo,Plato
637,1450,Pollyanna,"Porter, Eleanor H. (Eleanor Hodgman)"
638,7241,"Fables of La Fontaine — a New Edition, with Notes","La Fontaine, Jean de"
639,5402,1811 Dictionary of the Vulgar Tongue,"Grose, Francis"
640,29765,Webster's Unabridged Dictionary,Various
641,3623,The Golden Bough: A Study of Magic and Religion,"Frazer, James George"
642,65060,"Wit, Humor, and Shakspeare: Twelve Essays","Weiss, John"
643,153,Jude the Obscure,"Hardy, Thomas"
644,65087,"Ben, the Trapper; Or, The Mountain Demon: A Tale of the Black Hills","Aiken, Albert W."
645,7205,Also sprach Zarathustra: Ein Buch für Alle und Keinen,"Nietzsche, Friedrich Wilhelm"
646,20480,Palmistry for All,Cheiro
647,456,"The Door in the Wall, and Other Stories","Wells, H. G. (Herbert George)"
648,44638,"Plant Lore, Legends, and Lyrics
Embracing the Myths, Traditions, Superstitions, and Folk-Lore of the Plant Kingdom","Folkard, Richard"
649,2166,King Solomon's Mines,"Haggard, H. Rider (Henry Rider)"
650,1688,The People of the Abyss,"London, Jack"
651,217,Sons and Lovers,"Lawrence, D. H. (David Herbert)"
652,13529,"The Influence of Sea Power Upon History, 1660-1783","Mahan, A. T. (Alfred Thayer)"
653,65140,Not in the Rules,"Reynolds, Mack"
654,944,The Voyage of the Beagle,"Darwin, Charles"
655,65049,"The Evolution Theory, Vol. 2 of 2","Weismann, August"
656,15114,"An Investigation of the Laws of Thought
On which are founded the mathematical theories of logic and probabilities","Boole, George"
657,8581,"The Art of Money Getting; Or, Golden Rules for Making Money","Barnum, P. T. (Phineas Taylor)"
658,22396,"King Arthur's Knights
The Tales Re-told for Boys & Girls","Gilbert, Henry"
659,11945,Essays of Schopenhauer,"Schopenhauer, Arthur"
660,38145,"Human, All Too Human: A Book for Free Spirits","Nietzsche, Friedrich Wilhelm"
661,35830,The 2010 CIA World Factbook,United States. Central Intelligence Agency
662,41562,The Hanging Stranger,"Dick, Philip K."
663,9700,I. Beówulf: an Anglo-Saxon poem. II. The fight at Finnsburh: a fragment.,N/A
664,56463,"Bacon's Essays, and Wisdom of the Ancients","Bacon, Francis"
665,2992,The Middle-Class Gentleman,Molière
666,17957,On the Sublime,"Longinus, active 1st century"
667,10136,The Book of Household Management,"Beeton, Mrs. (Isabella Mary)"
668,65113,The Vengeance of Toffee,"Farrell, Henry"
669,33,The Scarlet Letter,"Hawthorne, Nathaniel"
670,14314,Etiquette,"Post, Emily"
671,65141,The Vicious Delinquents,"Reinsberg, Mark"
672,11757,The Velveteen Rabbit,"Bianco, Margery Williams"
673,54,The Marvelous Land of Oz,"Baum, L. Frank (Lyman Frank)"
674,65101,Maid—To Order,"Annas, Hal"
675,1564,"Boswell's Life of Johnson
Abridged and edited, with an introduction by Charles Grosvenor Osgood","Boswell, James"
676,53489,"The Life of Lazarillo de Tormes
His Fortunes & Adversities; with a Notice of the Mendoza Family, a Short Life of the Author, Don Diego Hurtado De Mendoza, a Notice of the Work, and Some Remarks on the Character of Lazarillo de Tormes",Anonymous
677,35461,A Short History of the World,"Wells, H. G. (Herbert George)"
678,7524,The Germany and the Agricola of Tacitus,"Tacitus, Cornelius"
679,59844,The Science of Getting Rich,"Wattles, W. D."
680,7439,English Fairy Tales,N/A
681,12228,Home Geography for Primary Grades,"Long, C. C."
682,65120,Harper's Household Handbook: A guide to easy ways of doing woman's work,"McCulloch-Williams, Martha"
683,65083,Race Distinctions in American Law,"Stephenson, Gilbert Thomas"
684,19725,"The History of Rome, Books 01 to 08",Livy
685,65135,Jean Craig in New York,"Lyttleton, Kay"
686,30241,The Person and Work of The Holy Spirit,"Torrey, R. A. (Reuben Archer)"
687,18442,Fifty Famous Stories Retold,"Baldwin, James"
688,15665,New Latin Grammar,"Bennett, Charles E. (Charles Edwin)"
689,3328,Man and Superman: A Comedy and a Philosophy,"Shaw, Bernard"
690,24571,"Der Struwwelpeter
oder lustige Geschichten und drollige Bilder","Hoffmann, Heinrich"
691,8164,My Man Jeeves,"Wodehouse, P. G. (Pelham Grenville)"
692,65001,The Story My Doggie Told to Me,"Barbour, Ralph Henry"
693,10732,The Essays of Arthur Schopenhauer; Studies in Pessimism,"Schopenhauer, Arthur"
694,29021,The Fairy Tales of Charles Perrault,"Perrault, Charles"
695,5307,The Letters of Wolfgang Amadeus Mozart — Volume 01,"Mozart, Wolfgang Amadeus"
696,40311,China and Pottery Marks,Unknown
697,4361,Memoirs of General William T. Sherman — Complete,"Sherman, William T. (William Tecumseh)"
698,65127,Menace From Vega,"Garrett, Randall"
699,10607,The Real Mother Goose,N/A
700,1056,Martin Eden,"London, Jack"
701,26073,"The Metamorphoses of Ovid, Books VIII-XV",Ovid
702,63107,Mrs Dalloway in Bond Street,"Woolf, Virginia"
703,1887,The Life of the Spider,"Fabre, Jean-Henri"
704,65128,The Miserly Robot,"Rice, R. J."
705,14640,"McGuffey's First Eclectic Reader, Revised Edition","McGuffey, William Holmes"
706,507,Adam Bede,"Eliot, George"
707,30850,"Philippine Mats
Philippine Craftsman Reprint Series No. 1",Philippines. Bureau of Education
708,17489,Les misérables Tome I: Fantine,"Hugo, Victor"
709,928,"Alice's Adventures in Wonderland
HTML Edition","Carroll, Lewis"
710,36238,"The Mantle, and Other Stories","Gogol, Nikolai Vasilevich"
711,64979,"Youth, Volume 1, Number 5, July 1902
An Illustrated Monthly Journal for Boys & Girls",Various
712,3178,The Gilded Age: A Tale of Today,"Twain, Mark"
713,18450,"Hawaiian Folk Tales
A Collection of Native Legends",N/A
714,20321,"A Brief Account of the Destruction of the Indies
Or, a faithful NARRATIVE OF THE Horrid and Unexampled Massacres, Butcheries, and all manner of Cruelties, that Hell and Malice could invent, committed by the Popish Spanish Party on the inhabitants of West-India, TOGETHER With the Devastations of several Kingdoms in America by Fire and Sword, for the space of Forty and Two Years, from the time of its first Discovery by them.","Casas, Bartolomé de las"
715,38594,Poems,"Rilke, Rainer Maria"
716,986,Master and Man,"Tolstoy, Leo, graf"
717,2274,How to Live on 24 Hours a Day,"Bennett, Arnold"
718,1022,Walking,"Thoreau, Henry David"
719,38485,"Ancient Pagan and Modern Christian Symbolism
With an Essay on Baal Worship, on the Assyrian Sacred ""Grove,"" and Other Allied Symbols","Inman, Thomas"
720,65007,"U.S. Marine Operations in Korea, 1950-1953, Volume 1 (of 5)
The Pusan Perimeter",United States. Marine Corps
721,220,The Secret Sharer,"Conrad, Joseph"
722,5001,Relativity : the Special and General Theory,"Einstein, Albert"
723,65013,One for the Robot—Two for the Same,"Phillips, Rog"
724,2776,The Four Million,"Henry, O."
725,65018,A Fool in Spots,"Rives, Hallie Erminie"
726,964,The Merry Adventures of Robin Hood,"Pyle, Howard"
727,901,The Jew of Malta,"Marlowe, Christopher"
728,10741,The Essays of Arthur Schopenhauer: the Wisdom of Life,"Schopenhauer, Arthur"
729,65084,"The Boy Scout Pathfinders; Or, Jack Danby's Best Adventure","Maitland, Robert"
730,28521,"The Power of Mesmerism
A Highly Erotic Narrative of Voluptuous Facts and Fancies",Anonymous
731,65042,"The British Campaign in France and Flanders, 1914","Doyle, Arthur Conan"
732,65138,Revolt of the Devil Star,"Rocklynne, Ross"
733,14837,The Tale of Tom Kitten,"Potter, Beatrix"
734,29854,"The Works of Aphra Behn, Volume V","Behn, Aphra"
735,4200,The Diary of Samuel Pepys — Complete,"Pepys, Samuel"
736,689,The Kreutzer Sonata and Other Stories,"Tolstoy, Leo, graf"
737,1150,"The Danish History, Books I-IX","Saxo, Grammaticus"
738,9182,Villette,"Brontë, Charlotte"
739,5160,The Mabinogion,N/A
740,65040,"An Apache Campaign in the Sierra Madre
An Account of the Expedition in Pursuit of the Hostile Chiricahua Apaches in the Spring of 1883","Bourke, John Gregory"
741,19337,A Christmas Carol,"Dickens, Charles"
742,65114,The Wonders of Optics,"Marion, Fulgence"
743,27035,Entretiens / Interviews / Entrevistas,"Lebert, Marie"
744,60976,Rip Van Winkle,"Irving, Washington"
745,65136,The Cathedral,"Lowell, James Russell"
746,5669,Considerations on Representative Government,"Mill, John Stuart"
747,1017,The Soul of Man under Socialism,"Wilde, Oscar"
748,16157,"Ibong Adarna
Corrido at Buhay na Pinagdaanan nang tatlong Principeng Magcacapatid na Anac nang Haring Fernando at nang Reina Valeriana sa Cahariang Berbania",Anonymous
749,51002,"Korean Folk Tales: Imps, Ghosts and Faries","Im, Pang"
750,35977,"Letters of Abelard and Heloise
To which is prefix'd a particular account of their lives, amours, and misfortunes",Héloïse
751,11000,An Old Babylonian Version of the Gilgamesh Epic,"Jastrow, Morris"
752,18247,The Last Man,"Shelley, Mary Wollstonecraft"
753,10554,"Right Ho, Jeeves","Wodehouse, P. G. (Pelham Grenville)"
754,46681,"A History of Norwegian Immigration to the United States
From the Earliest Beginning down to the Year 1848","Flom, George T. (George Tobias)"
755,3174,A Dog's Tale,"Twain, Mark"
756,25525,"The Works of Edgar Allan Poe, The Raven Edition
Table Of Contents And Index Of The Five Volumes","Poe, Edgar Allan"
757,64999,"The Golden Harpoon; Or, Lost Among the Floes: A Story of the Whaling Grounds","Starbuck, Roger"
758,1041,Shakespeare's Sonnets,"Shakespeare, William"
759,28500,All About Coffee,"Ukers, William H. (William Harrison)"
760,2650,Du côté de chez Swann,"Proust, Marcel"
761,57426,Baron Trump's Marvellous Underground Journey,"Lockwood, Ingersoll"
762,65137,The Longsnozzle Event,"Annas, Hal"
763,3836,Swiss Family Robinson,"Wyss, Johann David"
764,40986,"The Oera Linda Book, from a Manuscript of the Thirteenth Century",N/A
765,1237,Father Goriot,"Balzac, Honoré de"
766,6762,Politics: A Treatise on Government,Aristotle
767,15143,Famous Modern Ghost Stories,N/A
768,10940,"Manners, Customs, and Dress During the Middle Ages and During the Renaissance Period","Jacob, P. L."
769,29220,Monday or Tuesday,"Woolf, Virginia"
770,19002,"Alice's Adventures Under Ground
Being a facsimile of the original Ms. book afterwards developed into ""Alice's Adventures in Wonderland""","Carroll, Lewis"
771,7889,Erotica Romana,"Goethe, Johann Wolfgang von"
772,65107,Knole and the Sackvilles,"Sackville-West, V. (Victoria)"
773,657,The Anglo-Saxon Chronicle,N/A
774,24968,"Behind the Scenes
or, Thirty years a slave, and Four Years in the White House","Keckley, Elizabeth"
775,28219,Advice to Young Musicians. Musikalische Haus- und Lebens-Regeln,"Schumann, Robert"
776,15396,"Tender Buttons
Objects—Food—Rooms","Stein, Gertrude"
777,36077,"De Nederlandsche Geslachtsnamen in Oorsprong, Geschiedenis en Beteekenis","Winkler, Johan"
778,52914,The Will to Power: An Attempted Transvaluation of All Values. Book I and II,"Nietzsche, Friedrich Wilhelm"
779,65151,How Old Is It? The Story of Dating in Archeaology,"Schoenwetter, James"
780,42078,"The Letters of Jane Austen
Selected from the compilation of her great nephew, Edward, Lord Bradbourne","Austen, Jane"
781,50572,Goethe's Theory of Colours,"Goethe, Johann Wolfgang von"
782,50603,Minute Mysteries [Detectograms],"Ripley, H. A. (Harold Austin)"
783,7469,Daniel Deronda,"Eliot, George"
784,55687,The Initiates of the Flame,"Hall, Manly P. (Manly Palmer)"
785,10897,The Wendigo,"Blackwood, Algernon"
786,23684,Keats: Poems Published in 1820,"Keats, John"
787,389,The Great God Pan,"Machen, Arthur"
788,1300,Riders of the Purple Sage,"Grey, Zane"
789,601,The Monk: A Romance,"Lewis, M. G. (Matthew Gregory)"
790,50133,The Dunwich Horror,"Lovecraft, H. P. (Howard Phillips)"
791,16967,English-Esperanto Dictionary,"Hayes, C. F. (Charles Frederic)"
792,28554,Beyond Lies the Wub,"Dick, Philip K."
793,1567,Poems,"Eliot, T. S. (Thomas Stearns)"
794,11505,All Things Considered,"Chesterton, G. K. (Gilbert Keith)"
795,65002,"The Birds of Australia, Vol. 1 of 7","Gould, John"
796,55387,One Hundred Proofs That the Earth Is Not a Globe,"Carpenter, William"
797,2350,His Last Bow: An Epilogue of Sherlock Holmes,"Doyle, Arthur Conan"
798,3567,Memoirs of Napoleon Bonaparte — Complete,"Bourrienne, Louis Antoine Fauvelet de"
799,30201,"In Praise of Folly
Illustrated with Many Curious Cuts","Erasmus, Desiderius"
800,95,The Prisoner of Zenda,"Hope, Anthony"
801,52839,Texas Rocks and Minerals: An Amateur's Guide,"Girard, Roselle M."
802,33525,Stories from Tagore,"Tagore, Rabindranath"
803,64997,The Joss: A Reversion,"Marsh, Richard"
804,34811,Buddenbrooks: Verfall einer Familie,"Mann, Thomas"
805,41771,The History of Sulu,"Saleeby, Najeeb M. (Najeeb Mitry)"
806,564,The Mystery of Edwin Drood,"Dickens, Charles"
807,32938,"First Annual Report of the Bureau of Ethnology
to the Secretary of the Smithsonian Institution 1879-1880, Government Printing Office 1881",N/A
808,4583,Dialogues Concerning Natural Religion,"Hume, David"
809,9611,"Joseph Andrews, Vol. 1","Fielding, Henry"
810,8106,"Captain Cook's Journal During His First Voyage Round the World
Made in H. M. Bark ""Endeavour"", 1768-71","Cook, James"
811,2048,The Sketch-Book of Geoffrey Crayon,"Irving, Washington"
812,22994,The Frontier in American History,"Turner, Frederick Jackson"
813,1977,Phaedra,"Racine, Jean"
814,57342,The Lives and Opinions of Eminent Philosophers,Diogenes Laertius
815,77,The House of the Seven Gables,"Hawthorne, Nathaniel"
816,6099,Les Fleurs du Mal,"Baudelaire, Charles"
817,25063,The Beggar's Opera; to Which is Prefixed the Musick to Each Song,"Gay, John"
818,2870,Washington Square,"James, Henry"
819,675,American Notes,"Dickens, Charles"
820,1094,Tamburlaine the Great — Part 1,"Marlowe, Christopher"
821,29214,Dialogues in French and English,"Caxton, William"
822,5946,"The History of Don Quixote, Volume 2, Complete","Cervantes Saavedra, Miguel de"
823,3796,Rilla of Ingleside,"Montgomery, L. M. (Lucy Maud)"
824,15489,Dream Psychology: Psychoanalysis for Beginners,"Freud, Sigmund"
825,31547,Youth,"Asimov, Isaac"
826,9830,The Beautiful and Damned,"Fitzgerald, F. Scott (Francis Scott)"
827,348,"Hesiod, the Homeric Hymns, and Homerica",Hesiod
828,1298,The Virginian: A Horseman of the Plains,"Wister, Owen"
829,57493,"The Natural History of Pliny, Volume 1 (of 6)","Pliny, the Elder"
830,5427,Emile,"Rousseau, Jean-Jacques"
831,11228,The Marrow of Tradition,"Chesnutt, Charles W. (Charles Waddell)"
832,3206,Moby Multiple Language Lists of Common Words,"Ward, Grady"
833,65152,"Practical School Discipline: Applied Methods, Part 1","Beery, Ray Coppock"
834,39955,The Dawn of Day,"Nietzsche, Friedrich Wilhelm"
835,45368,The Outline of History: Being a Plain History of Life and Mankind,"Wells, H. G. (Herbert George)"
836,52881,"The Joyful Wisdom (""La Gaya Scienza"")","Nietzsche, Friedrich Wilhelm"
837,35898,The Seven Lamps of Architecture,"Ruskin, John"
838,65125,A Journey of a Jayhawker,"Morgan, W. Y. (William Yoast)"
839,2264,Macbeth,"Shakespeare, William"
840,36034,"White Nights and Other Stories
The Novels of Fyodor Dostoevsky, Volume X","Dostoyevsky, Fyodor"
841,27424,Cautionary Tales for Children,"Belloc, Hilaire"
842,17851,"The History of Mary Prince, a West Indian Slave","Prince, Mary"
843,16564,"Amphitryo, Asinaria, Aulularia, Bacchides, Captivi
Amphitryon, The Comedy of Asses, The Pot of Gold, The Two
Bacchises, The Captives","Plautus, Titus Maccius"
844,51783,"The Description of a New World, Called the Blazing-World","Newcastle, Margaret Cavendish, Duchess of"
845,64981,Negro Journalism: An Essay on the History and Present Conditions of the Negro Press,"Gore, George William"
846,15,"Moby-Dick; or, The Whale","Melville, Herman"
847,10636,The Travels of Marco Polo — Volume 1,"Polo, Marco"
848,5000,The Notebooks of Leonardo Da Vinci — Complete,"Leonardo, da Vinci"
849,45814,An Advanced English Grammar with Exercises,"Kittredge, George Lyman"
850,35173,The Bacchae of Euripides,Euripides
851,1519,Much Ado about Nothing,"Shakespeare, William"
852,32488,Just So Stories,"Kipling, Rudyard"
853,854,A Woman of No Importance,"Wilde, Oscar"
854,75,E-mail 101,"Goodwin, John E."
855,65134,The Women Who Make Our Novels,"Overton, Grant M. (Grant Martin)"
856,35688,"Alice in Wonderland
A Dramatization of Lewis Carroll's ""Alice's Adventures in Wonderland"" and ""Through the Looking Glass""","Carroll, Lewis"
857,3250,"How to Tell a Story, and Other Essays","Twain, Mark"
858,65126,An Eel by the Tail,"Lang, Allen Kim"
859,48247,Prayers of the Early Church,N/A
860,65065,Base-ball Ballads,"Rice, Grantland"
861,769,The Book of Tea,"Okakura, Kakuzo"
862,1154,The Voyages of Doctor Dolittle,"Lofting, Hugh"
863,64989,Harlem Shadows: The Poems of Claude McKay,"McKay, Claude"
864,3188,Mark Twain's Speeches,"Twain, Mark"
865,60979,Reminiscences of a Stock Operator,"Lefevre, Edwin"
866,65117,The Dazzling Miss Davison,"Warden, Florence"
867,65153,Within the Precincts,"Oliphant, Mrs. (Margaret)"
868,58465,"Gypsy Sorcery and Fortune Telling
Illustrated by numerous incantations, specimens of medical magic, anecdotes and tales","Leland, Charles Godfrey"
869,57654,La Ilíada,Homer
870,151,The Rime of the Ancient Mariner,"Coleridge, Samuel Taylor"
871,60825,"The Convent School; Or, Early Experiences of a Young Flagellant","Coote, Rosa Belinda"
872,8092,Tremendous Trifles,"Chesterton, G. K. (Gilbert Keith)"
873,10662,The Night Land,"Hodgson, William Hope"
874,3172,Fenimore Cooper's Literary Offences,"Twain, Mark"
875,13614,"Studies in the Psychology of Sex, Volume 5
Erotic Symbolism; The Mechanism of Detumescence; The Psychic State in Pregnancy","Ellis, Havelock"
876,17314,Five Children and It,"Nesbit, E. (Edith)"
877,64957,The Magnetic Girl,"Marsh, Richard"
878,10150,Dracula's Guest,"Stoker, Bram"
879,624,"Looking Backward, 2000 to 1887","Bellamy, Edward"
880,65004,The Alhambra and the Kremlin: The South and the North of Europe,"Prime, Samuel Irenæus"
881,37775,"Etidorhpa; or, The End of Earth.
The Strange History of a Mysterious Being and the Account of a Remarkable Journey","Lloyd, John Uri"
882,968,Martin Chuzzlewit,"Dickens, Charles"
883,27755,Hidden Symbolism of Alchemy and the Occult Arts,"Silberer, Herbert"
884,30344,"The Fortunate Mistress (Parts 1 and 2)
or a History of the Life of Mademoiselle de Beleau Known by the Name of the Lady Roxana","Defoe, Daniel"
885,40745,Short Stories,"Dostoyevsky, Fyodor"
886,122,The Return of the Native,"Hardy, Thomas"
887,65174,The New Year's carol,"Spyri, Johanna"
888,157,Daddy-Long-Legs,"Webster, Jean"
889,12299,"The Mechanical Properties of Wood
Including a Discussion of the Factors Affecting the Mechanical Properties, and Methods of Timber Testing","Record, Samuel J. (Samuel James)"
890,43629,Strange Stories from a Chinese Studio (Volumes 1 and 2),"Pu, Songling"
891,2017,"Dhammapada, a Collection of Verses; Being One of the Canonical Books of the Buddhists",N/A
892,14726,The Elder Eddas of Saemund Sigfusson; and the Younger Eddas of Snorre Sturleson,Saemund Sigfusson
893,782,The Travels of Sir John Mandeville,"Mandeville, John, Sir"
894,610,Idylls of the King,"Tennyson, Alfred Tennyson, Baron"
895,5428,A Defence of Poetry and Other Essays,"Shelley, Percy Bysshe"
896,470,Heretics,"Chesterton, G. K. (Gilbert Keith)"
897,785,On the Nature of Things,"Lucretius Carus, Titus"
898,38049,"Louisa May Alcott : Her Life, Letters, and Journals","Alcott, Louisa May"
899,50922,Perpetual Peace: A Philosophical Essay,"Kant, Immanuel"
900,17192,The Raven,"Poe, Edgar Allan"
901,51143,"The Waterloo Roll Call
With Biographical Notes and Anecdotes","Dalton, Charles"
902,1212,Love and Freindship [sic],"Austen, Jane"
903,65182,"Grey Wethers
A Romantic Novel","Sackville-West, V. (Victoria)"
904,8419,"The Journals of Lewis and Clark, 1804-1806","Lewis, Meriwether"
905,28289,"The Essays of ""George Eliot""
Complete","Eliot, George"
906,3155,She,"Haggard, H. Rider (Henry Rider)"
907,14642,"McGuffey's Eclectic Primer, Revised Edition","McGuffey, William Holmes"
908,2529,The Analysis of Mind,"Russell, Bertrand"
909,1286,Tales from Shakespeare,"Lamb, Charles"
910,45858,Lucian's True History,"Lucian, of Samosata"
911,1279,Poems and Songs of Robert Burns,"Burns, Robert"
912,1750,Laws,Plato
913,2085,Cyropaedia: The Education of Cyrus,Xenophon
914,1227,The Expression of the Emotions in Man and Animals,"Darwin, Charles"
915,14872,The Tale of Squirrel Nutkin,"Potter, Beatrix"
916,65036,"Young Folks Magazine, Vol. I, No. 1, March 1902
An Illustrated Monthly Journal for Boys & Girls",Various
917,9070,The Imaginary Invalid,Molière
918,1164,The Iron Heel,"London, Jack"
919,35242,The Awakening of Spring: A Tragedy of Childhood,"Wedekind, Frank"
920,917,Barnaby Rudge: A Tale of the Riots of 'Eighty,"Dickens, Charles"
921,11417,French Mediaeval Romances from the Lays of Marie de France,"Marie, de France, active 12th century"
922,10376,American Indian Stories,Zitkala-Sa
923,1289,Three Ghost Stories,"Dickens, Charles"
924,227,Aeneidos,Virgil
925,38015,"De Re Metallica, Translated from the First Latin Edition of 1556","Agricola, Georg"
926,7787,A Complete Grammar of Esperanto,"Reed, Ivy Kellerman"
927,1004,"Divine Comedy, Longfellow's Translation, Complete",Dante Alighieri
928,36287,"The Poems and Prose Poems of Charles Baudelaire
with an Introductory Preface by James Huneker","Baudelaire, Charles"
929,2149,The Works of Edgar Allan Poe — Volume 3,"Poe, Edgar Allan"
930,36805,Spanish Tales for Beginners,N/A
931,2151,The Works of Edgar Allan Poe — Volume 5,"Poe, Edgar Allan"
932,38219,A General Introduction to Psychoanalysis,"Freud, Sigmund"
933,65145,Essays of a Biologist,"Huxley, Julian"
934,50742,"The Story of Beowulf, Translated from Anglo-Saxon into Modern English Prose",N/A
935,23661,The Book of Dragons,"Nesbit, E. (Edith)"
936,4928,Bulfinch's Mythology,"Bulfinch, Thomas"
937,1,The Declaration of Independence of the United States of America,"Jefferson, Thomas"
938,21076,The First Six Books of the Elements of Euclid,"Casey, John"
939,2715,The Real Thing and Other Tales,"James, Henry"
940,65194,Jingles,"Medina, Frank J."
941,10681,Roget's Thesaurus of English Words and Phrases,"Roget, Peter Mark"
942,49157,The Little Girl's Sewing Book,N/A
943,65014,The ecclesiastical architecture of Scotland from the earliest Christian times to the seventeenth century; vol. 3/3,"MacGibbon, David"
944,1312,Selected Stories of Bret Harte,"Harte, Bret"
945,370,The Fortunes and Misfortunes of the Famous Moll Flanders,"Defoe, Daniel"
946,1572,Timaeus,Plato
947,1152,The Story of the Volsungs (Volsunga Saga); with Excerpts from the Poetic Edda,N/A
948,11870,"The Country of the Blind, and Other Stories","Wells, H. G. (Herbert George)"
949,45723,Myths & Legends of Japan,"Davis, F. Hadland (Frederick Hadland)"
950,1726,Theaetetus,Plato
951,2874,Personal Recollections of Joan of Arc — Volume 1,"Twain, Mark"
952,65184,Daniel's Youth,Unknown
953,22893,Pygmalion's Spectacles,"Weinbaum, Stanley G. (Stanley Grauman)"
954,171,Charlotte Temple,"Rowson, Mrs."
955,2449,The Common Law,"Holmes, Oliver Wendell"
956,58820,Whose Body? A Lord Peter Wimsey Novel,"Sayers, Dorothy L. (Dorothy Leigh)"
957,16865,Pinocchio: The Tale of a Puppet,"Collodi, Carlo"
958,9842,Y Gododin: A Poem of the Battle of Cattraeth,Aneirin
959,60333,Selections from the Writings of Kierkegaard,"Kierkegaard, Søren"
960,34647,Letters of a Javanese Princess,"Kartini, Raden Adjeng"
961,10657,"""De Bello Gallico"" and Other Commentaries","Caesar, Julius"
962,65039,Sir Isumbras at the Ford,"Broster, D. K. (Dorothy Kathleen)"
963,17306,"The Condition of the Working-Class in England in 1844
with a Preface written in 1892","Engels, Friedrich"
964,19481,"""Everyman,"" with other interludes, including eight miracle plays",N/A
965,11136,A Discourse Upon the Origin and the Foundation of the Inequality Among Mankind,"Rousseau, Jean-Jacques"
966,1532,The Tragedy of King Lear,"Shakespeare, William"
967,35997,The Jungle Book,"Kipling, Rudyard"
968,1210,Kwaidan: Stories and Studies of Strange Things,"Hearn, Lafcadio"
969,40868,The World as Will and Idea (Vol. 3 of 3),"Schopenhauer, Arthur"
970,12186,"The Principles of Masonic Law
A Treatise on the Constitutional Laws, Usages and Landmarks of Freemasonry","Mackey, Albert Gallatin"
971,2895,Following the Equator: A Journey Around the World,"Twain, Mark"
972,41082,The Golden Bough: A Study in Comparative Religion (Vol. 1 of 2),"Frazer, James George"
973,16653,Myths of Babylonia and Assyria,"Mackenzie, Donald A. (Donald Alexander)"
974,6626,Theresa Raquin,"Zola, Émile"
975,65192,"How to live
A manual of hygiene for use in the schools of the Philippine islands","Knapp, Adeline"
976,1642,Euthyphro,Plato
977,1329,A Voyage to Arcturus,"Lindsay, David"
978,1666,The Golden Asse,Apuleius
979,33447,The Pencil of Nature,"Talbot, William Henry Fox"
980,64986,Aspasia,"Hamerling, Robert"
981,646,The Coral Island: A Tale of the Pacific Ocean,"Ballantyne, R. M. (Robert Michael)"
982,65079,Autobiography of Mother Jones,"Jones, Mother"
983,792,"Wieland; Or, The Transformation: An American Tale","Brown, Charles Brockden"
984,3790,Major Barbara,"Shaw, Bernard"
985,17147,"Theodicy
Essays on the Goodness of God, the Freedom of Man and the Origin of Evil","Leibniz, Gottfried Wilhelm, Freiherr von"
986,64969,Hold Onto Your Body!,"Lewis, Richard O."
987,63256,The American Diary of a Japanese Girl,"Noguchi, Yoné"
988,608,"Areopagitica
A Speech for the Liberty of Unlicensed Printing to the Parliament of England","Milton, John"
989,65186,Beyond the Fearful Forest,"Krepps, Robert W."
990,45280,"The Wonderful ""One-Hoss-Shay"", and Other Poems","Holmes, Oliver Wendell"
991,64965,World Without Glamor,"Marlowe, Stephen"
992,65193,"The Frozen North
An Account of Arctic Exploration for Use in Schools","Horton, Edith"
993,56315,Texas Fossils: An Amateur Collector's Handbook,"Matthews, William Henry"
994,11438,The Willows,"Blackwood, Algernon"
995,35698,Letters of John Keats to His Family and Friends,"Keats, John"
996,2131,An Account of Egypt,Herodotus
997,65169,Early Man Projectile Points in the Southwest,"Honea, Kenneth"
998,6695,Tales of the Jazz Age,"Fitzgerald, F. Scott (Francis Scott)"
999,65000,Familiar Studies in Homer,"Clerke, Agnes M. (Agnes Mary)"
